lat,long,apraksts,overview,type,gmaps_url
56.404329,24.178885,"Piemineklis Pirmā pasaules karā un Latvijas Atbrīvošanas cīņās kritušo piemiņai. Piemineklim priekšpusē teksts: „PAR LATVIJAS BRĪVĪBU KRITUŠIEM 1915 – 1920”. Otrā pusē dzejnieka V.Plūdoņa vārdi: „TIK TAS IR LIELS, KAS SPĒJ PRIEKŠ CITIEM MIRT. KAM AUSIS DZIRDĒT TAS LAI DZIRD!”. Atklāts 1929.gadā., 1992.gada 18.novembrī uz pieminekļa atklāta tēlnieka A.Jansona bronzā veidotā skulptūra. Izgatavots akmeņkaļa J.Sieriņa darbnīcā.","Monument commemorates soldiers who died during the First World War and Latvia Independence War. On front side of the monument is inscription: "" TO THOSE, WHO DIED FOR FREEDOM OF LATVIA 1915-1920"". Words from poetry of V.Pludonis were inscribed on the rear:  ""SOLELY THAT IS LARGE WHO IS ABLE TO DIE FOR OTHERS. THOSE, WHO HAS EARS, LET'S HEAR THAT!"" It was unveiled in 1929. Made by stonecutter J.Sieriņš's workshop. On November 18, 1992 bronze sculpture,   made by A.Jansons, was unveiled on monument . ",monument,"https://www.google.com/maps?q=56.404329,24.178885"
56.83755,23.710571,"Piemiņas zīme vietā, kur pirms Ziemassvētku kauju sākuma (1917.gada 5.janvārī) bija novietojies 1.Daugavgrīvas latviešu strēlnieku pulks. Priekšpusē teksts: „ 1.DAUGAVGRĪVAS PULKS „NEBĒDĀJTIES KARAVĪRI SUDRABOTA SAULE LEC.” 1916.23.XII – (V.ST.) PLKST.5.20”. Atklāta 1991.gadā. Autors U.Sterģis.","Memorial plaque is located at place where 1st Daugavgrīva Latvian Riflemen Regiment stayed before the Christmas Battle (January 5th, 1917). On front side of the plaque is inscription: ""1st DAUGAVGRĪVA REGIMENT. ""SOLDIERS DON'T WORRY, THE SILVERED SUN RISES UP."" 1916.23. XII (Old style) at 5.20 A.M"". It was unveiled in 1991. Author is U.Sterģis.",monument,"https://www.google.com/maps?q=56.83755,23.710571"
56.60185,25.0267,Vācu armijas betona ugunspunkts Daugavas krasta nogāzē. Liets no betona. Saglabājušās divas šaujamlūkas vērstas uz Daugavas pretējo krastu. Lielākoties sabrucis.,"German Army pillbox made from concrete. It is located on slope of Daugava bank.  Both loopholes are oriented toward opposite bank and  remained intact, but the rest of construction is mainly ruined. ",fortification,"https://www.google.com/maps?q=56.60185,25.0267"
55.704505,26.468457,"Vācu armijas betona patvertne izbūvēta dzelzceļa uzbēruma nogāzē. Pamatā lieta no betona, bet iekšpusē mūrēti ķieģeli. Divas telpas ar divām atsevišķām ieejām. Iegrimusi zemē.","German Army shelter  built up on slope of trackbed. Main structure was made from concrete, but interior from bricks. It has two rooms. Each has separete entrance. Structure partially sank into ground.",fortification,"https://www.google.com/maps?q=55.704505,26.468457"
56.295883,25.97695,"Vācu un krievu armijas karavīru kapi ""Weessen"". Karavīru apbedījumi apkārt baznīcai. Kapos apglabāti aptuveni 190-200 vācu (precīzs skaits nav zināms, lielākais kārtas numurs uz individuālā betona krustiņa, kas saglabājies 211) un 22 krievu armijas karavīri. Centrālā pieminekļa nav. Saglabājies arī viens individuāls kapakmens vācu karavīram Rihardam Grossem, kurš kritis 1916. gada 24.martā.","In military cemetery  ""Weesen"" at least 190 - 200 German soldiers (precise amount of fallen soldiers is unknown; the largest visible number is 211 on cross preserved until modern days) and 22 Russian soldiers were buried. The graves are located around church. The central monument wasn't erected in this graveyard. The headstone on the grave of German soldier Rihard Grosse was preserved until modern days. He was killed in action on March 24, 1916.",cemetery,"https://www.google.com/maps?q=56.295883,25.97695"
56.825688,24.264927,"Latviešu strēlnieku  un krievu armijas karavīru kapi. Kapos apglabāti 96 1.Daugavgrīvas latviešu strēlnieku bataljona strēlnieki un 69 citu krievu armijas daļu karavīri, kuri lielākoties krituši 1916. gada jūlija kaujās. 1930. gadā atklāja pieminekli, kura priekšpusē nišā plāksne ar tekstu: ""PASAULES KARĀ 1916.GADĀ JŪLIJA KAUJĀS KRITUŠO 96 1.DAUGAVGRĪVAS LATV. STRĒLN.BAT.VARONĪGO KARAVĪRU MŪŽĪGAI PIEMIŅAI. LAI TAUTA JŪT ŠEIT STAIGĀJOT DZĪVS KAS PAR BRĀĻIEM NOMIRT PROT"". Blakus ar atsevišķu ieeju iekārtotajos citu krievu armijas daļu karavīru kapos piemineklis ar tekstu: ""1915-1916 ŠE DUS 69 KRIEVU ARMIJAS VARONĪGIE KARAVĪRI."". 1977. gadā kapos pārapbedīja daļu no Spieķu kalnā apglabātajiem latviešu strēlniekiem un krievu armijas karavīriem. Šeit pārvietota arī Spieķu kalnā stāvējusī piemiņas plāksne ar uzrakstu: ""BRĀĻU KAPS KRITUŠO LATVIEŠU STRĒLNIEKU UN KRIEVU PULKU KARAVĪRIEM KURI I. PASAULES KARĀ CĪNĪJĀS PRET VĀCU IEBRUCĒJIEM."" (tas pats krievu valodā). 2012. gadā kapos pārapglabāja 7 Ķekavas pagastā atrasto latviešu strēlnieku mirstīgās atliekas.","In this military cemetery 96 Latvian riflemen from 1st Daugavgrīva Riflemen Battalion were buried, as well 69 soldiers from other units of Russian army. Most of them were killed in action during battles in July 1916. The monument was unveiled in 1930. On front side of the monument is plaque with inscription: ""FOR ETERNAL REMEBRANCE OF 96 HEROIC SOLDIERS FROM 1st DAUGAVGRĪVA LATVIAN RIFLEMEN BATTALION FALLEN DURING WORLD WAR IN JULY 1916. LET NATION FEELS THOSE WHO DEVOTED THEIR LIVES FOR BROTHERS."" The graveyard of fallen Russian soldiers was made nearby with separate entrance. The monument was erected here, too. It has inscription: ""1915-1916. HERE 69 HEROIC RUSSIAN ARMY SOLDIERS REST IN PEACE."" In 1977, some Latvian Riflemen and Russian soldiers were reburied here from Spieķu kalns. The memorial plaque was here from Spieķu kalns. It has inscription: ""BRETHREN CEMETERY FOR FALLEN LATVIAN RIFLEMEN AND RUSSIAN SOLDIERS WHO HAD FOUGHT AGAINST GERMAN INVADERS."" (The same text in Russian). Remains of seven Latvian riflemen discovered in Ķekava parish were reburied here in 2012.",cemetery,"https://www.google.com/maps?q=56.825688,24.264927"
56.742081,24.392288,"Vācu un krievu armijas karavīru kapi ""Baldohn - Bad"". Karavīru apbedījumi apkārt baznīcai. Kapos apglabāti vismaz 100 vācu armijas karavīri un precīzāk nezināms skaits no ievainojumiem un slimībām mirušie krievu armijas karagūstekņi. Starp tiem arī 6.Tukuma latviešu strēlnieku pulka strēlnieks Pēteris Urzols, miris 1917. gada 8.novembrī.  Pēc II pasaules kara visi individuālie betona krustiņi nolauzti un lielākoties pazuduši. Daži saglabājušies krustiņi tagad izvietoti vienā kapsētas stūrī.","In military cemetery ""Baldohn-Bad"" graves are located around church. At least 100 German soldiers were buried here, including Russian war prisoners who died from wounds and diseases. Among them soldier of 6th Tukums Riflemen Regiment Pēteris Ozols was buried. He died on November 8, 1917. After Second World War croses were broken and mostly disappeared. Some crosses were preserved and stored at the corner of graveyard.",cemetery,"https://www.google.com/maps?q=56.742081,24.392288"
56.945987,23.626964,"Latviešu strēlnieku kapi. Precīzs apglabāto skaits nav zināms. Kopā ar Slokas pareizticīgo sektorā apglabātajiem, apmēram 150 karavīri. Lielākoties apglabāti 2.Rīgas latviešu strēlnieku un 3.Kurzemes latviešu strēlnieku bataljonu strēlnieki, kuri krituši 1915. gada rudenī.  Kapos 1923. gadā atklāts betona obelisks (pēc arh. E.Laubes projekta) ar uzrakstu: ""LATVIJAS ATBRĪVOŠANAS KARA  UN BIJUŠO STRĒLNIEKU PULKU CĪŅĀS KRITUŠO VAROŅU PIEMIŅAI. 1915-1919. DIEVS, SARGI MŪSU TĒVU ZEMI, LAI VIŅA ZIEDOŠA UN STIPRA TOP"".","In this military cemetery amount of buried soldiers is unknown. Including sector of Sloka Russian Orthodox Church approximately 150 soldiers were buried here. Mainly soldiers from 2nd Rīga and 3rd Kurzeme Latvian Riflemen Battalions. They were killed in action in autumn 1915. The concrete obelisk was unveiled in 1923. (Project was designed by E.Laube). It has inscription: ""FOR COMMEMORATION OF LATVIA LIBERATION WAR AND FORMER RIFLMEMEN REGIMENTS HEROES. 1915-1919. GOD PROTECTS OUR FATHERLAND, LET IT BECOMES FLOURISHIG AND POWERFUL.""",cemetery,"https://www.google.com/maps?q=56.945987,23.626964"
56.946678,23.624029,"Latviešu strēlnieku  un krievu armijas karavīru kapi. Precīzs apglabāto skaits nav zināms. Kapos apglabāto latviešu strēlnieku skaits avotos minēts no 72 līdz 87. Citu krievu armijas daļu apglabāto karavīru skaits domājams ir vēl lielāks.  Latviešu strēlnieki apglabāti Varoņu ielas malā gar pašu kapsētas mūri. Kapos uzstādīta piemiņas plāksne ar uzrakstu: ""PIRMAJĀ PASAULES KARĀ 1915-1916 GADA KAUJĀS PIE SLOKAS KRITUŠO KARAVĪRU KAPI"".","In this military cemetery amount of buried Latvian Riflemen and Russian soldiers is unknown. Written sources are mentioning 72 - 87 Latvian soldiers. The amount of burials from other Russian units was even larger. The Latvian soldiers were buried at side of Varoņu iela along fence of cemetery. The memorial plaque was installed at cemetery. It has inscription: ""GRAVES OF SOLDIERS FALLEN DURING BATLES OF THE FIRST WORLD WAR IN 1915-1916.""",cemetery,"https://www.google.com/maps?q=56.946678,23.624029"
56.963072,23.695986,"Latviešu strēlnieku un krievu armijas karavīru kapi. Precīzs apglabāto skaits nav zināms, bet tas pārsniedz divus simtus. Kapos apglabāti kritušie, no ievainojumiem mirušie un pēc tam arī pārapbedītie karavīri. 1939. gadā kapos atklāja, pēc arhitekta N.Voita projekta, tēlnieka M.Šmalca veidoto, pieminekli. ","In this military cemetery amount of buried Latvian Riflemen and Russian soldiers is unknown, but it exceeds 200. Soldiers killed in action or dead form wounds were buried here. Several fallen soldiers were reburied here as well. The monument designed by architect N.Voits was unveiled in 1939. The monument was made by sculptor M.Šmacs.",cemetery,"https://www.google.com/maps?q=56.963072,23.695986"
56.928388,23.56695,"Krievu armijas karavīru kapi. Kapos varētu būt apglabāti 400-500 dažādu krievu armijas vienību karavīri, tajā skaitā, iespējams, arī latviešu strēlnieki. Kapu kopai uzmūrēta bruģakmens apmale un granīta plāksne ar uzrakstu: ""PIRMĀ PASAULES KARĀ KRITUŠO KARAVĪRU BRĀĻU KAPI"".","In this military cemetery approximately 400 -500 Russian soldiers were buried, including probably also Latvian Riflemen. The tomb's edge was made from boulders. The granite plaque has inscription: ""THE BRETHREN CEMETERY OF SOLDIERS FALLEN DURING THE FIRST WORLD WAR."" ",cemetery,"https://www.google.com/maps?q=56.928388,23.56695"
56.945357,23.490935,"Latviešu strēlnieku kapi. Kapos apglabāti 80 strēlnieki, kuri krituši kaujās pie Ķemeriem un Smārdes. 1924. gadā kapos atklāja pēc arhitekta E.Laubes tipveida projekta darinātu betona obelisku. Pieminekļa priekšpusē teksts: ""1915-1917 VAROŅU SLAVA NEMIRST MŪŽĪGI. ŠE DUS 80 LATVJU STRĒLNIEKI, MIRUŠI VAROŅU NĀVĒ CĪŅĀS PRET VĀCIEŠIEM NO 2.RĪGAS, 5.ZEMGALES, 6.TUKUMA, 7.BAUSKAS UN 8.VALMIERAS LATVJU STRĒLNIEKU PULKIEM. NEAIZMIRSTI ARĪ TU VIŅUS"".","In this military cemetery 80 Latvian Riflemen were buried. They were killed in action during battles at Ķemeri and Smārde. The obelisk designed by E.Laube was unveiled in 1924. On front side is inscription: ""1915-1917. GLORY OF HEROES LIVES FOREVER. 80 LATVIAN RIFLEMEN ARE RESTING IN PEACE HERE. THESE SOLDIERS FROM 2nd RĪGA, 5th ZEMGALE, 6th TUKUMS, 7th BAUSKA, and 8th VALMIERA LATVIAN RIFLEMEN REGIMENTS DIED AS HEROES FIGHTING AGAINST GERMANS. DON'T FORGET THEM.""",cemetery,"https://www.google.com/maps?q=56.945357,23.490935"
56.947666,23.49534,"Latviešu strēlnieku un krievu armijas karavīru kapi. Kapos apglabāti 97 dažādu krievu armijas karaspēka vienību karavīri, tajā skaitā latviešu strēlnieki. 1925. gadā kapos uzstādīts piemineklis ar krustu galā. Uz pieminekļa uzraksts: ""NEVIENAM NAV LIELĀKA MĪLESTĪBA NE KĀ ŠĪ, KAD KĀDS SAVU DZĪVĪBU NODOD PAR SAVIEM DRAUGIEM. JĀŅA EV.15,13. ŠE DUS 97 KARAVĪRI, MIRUŠI VAROŅU NĀVĒ PIEĶEMERIEM LIELĀ PASAULES KARĀ 1915.-1917.G.G."", ""ŠIS PIEMINEKLIS UZCELTS AR LABPRĀTĪGIEM ZIEDOJUMIEM, ATKLĀTS UN IESVĒTĪTS 1925.G.28.JŪNIJĀ"". Tas pats krievu valodā. Blakus piemineklim granīta plāksne ar 92 kritušo karavīru uzvārdiem. Baznīcas austrumu pusē pie atsevišķa apbedījuma granīta plāksne ar tekstu krievu valodā: ""ЗДЕСЬ ПОКОЯТСЯ ПЯТЬ ВОИНОВ - ГЕРОЕВ И СЕСТРА МИЛОСЕРДИЯ"".","In this military cemetery 97 Russian soldiers from different units were buried, including Latvian Riflemen. The monument with a cross was erected in 1925. Monument has inscription: ""NOBODY HAS BIGGER LOVE AS THIS, WHEN SOMEDY DEVOTES HIS LIFE FOR FRIENDS. THE GOSPEL ACCORDING TO JOHN 15, 13. 97 SOLDIERS REST HERE IN PEACE FALLEN AS HEROES AT ĶEMERI DURING THE GREAT WORLD WAR IN 1915-1917. THIS MONUMENT WAS BUILT THANKS TO VOLUNTARY DONATIONS, UNVEILED AND CONFIRMED ON JUNE 28, 1925"". The same text is in Russian. Nearby the monument the granite plaque was installed. It has 92 names. At the eastern side of church the plaque is located. It has inscription in Russian: ""NURSE AND FIVE SOLDIERS ARE RESTING IN PEACE HERE.""",cemetery,"https://www.google.com/maps?q=56.947666,23.49534"
56.593266,24.195768,"Vācu armijas karavīru kapi. Kapos apglabāti apmēram 200 vācu armijas karavīri. Pēc II pasaules kara kapi izpostīti, saglabājies viens akmens piemineklis un ieejas vārtu mūra stabi.",In this military cemetery approximately 200 German soldiers were buried. After Second World graveyard was destroyed. Just stone monument and entrance gate poles survived.,cemetery,"https://www.google.com/maps?q=56.593266,24.195768"
56.596517,24.191232,"Vācu armijas karavīru kapi ""Gross-Eckau"". Kapos apglabāto vācu armijas karavīru skaits nav zināms. Pēc II pasaules kara kapi izpostīti. Saglabājušies daži individuālie betona krustiņi un granīta piemiņas plāksne 35.rezerves kājnieku pulka leitnantam Ferdinandam Dheinam, kurš kritis 1915. gada 16. oktobrī."," In military cemetery ""Gross-Eckau"" amount of buried German soldiers is unknown.  After Second World graveyard was destroyed. Just few crosses and memorial plaque devoted to Lieutenant Ferdinand Dhein from 35th Reserve Infantry Regiment survived. He died on October 16, 1915.",cemetery,"https://www.google.com/maps?q=56.596517,24.191232"
56.631453,23.745747,"Vācu armijas karavīru kapi ""Mitau"". Kapos apglabāti 118 vācu armijas karavīri (tajā skaitā 6 virsnieki), kuri krituši 1917. gada janvārī - februārī. 1932. gadā kapos uzstādīts piemineklis. Bijuši individuālie betona krustiņi, bet pēc II pasaules kara visi nopostīti.","In military cemetery ""Mitau"" 118 German soldiers including 6 officers) were buried. They were killed in action during battles in January-February 1917. The monument was erected in 1932. The graves had crosses, but they were destroyed after Second World War.",cemetery,"https://www.google.com/maps?q=56.631453,23.745747"
56.631614,23.744784,"Latviešu strēlnieku un krievu armijas karavīru kapi. Kapos apglabāti kritušie un gūstā mirušie 979 dažādu krievu armijas daļu karavīri un 75 latviešu strēlnieki. 1938. gadā kapos atklāja pēc arhitekta V.Šervinska projekta M.Brauera akmeņkaltuvē izgatavoto pieminekli. Piemineklī teksts: ""PASAULES KARĀ LATVIEŠU STRĒLNIEKU UN KRIEVU PULKU KRITUŠIEM KARAVĪRIEM DUSIET, KAUJAS ĒRGĻI"". Tas pats krievu valodā.","In this military cemetery 979 Russian soldiers from different units were buried, as well 75 Latvian Riflemen. The monument was designed by architect V.Šervinskis. It was made by M.Brauers workshop and unveiled in 1938. Monument has inscription: ""TO SOLDIERS FROM LATVIAN RIFLEMEN AND RUSSIAN REGIMENTS WHO DIED IN WORLD WAR. REST IN PEACE, THE BATTLE EAGLES"". The same text was inscribed in Russian.",cemetery,"https://www.google.com/maps?q=56.631614,23.744784"
56.62601,23.753562,"Britu karavīru kapi. Kapos apglabāti un pārapbedīti 36 britu karavīri un jūrnieki, no kuriem lielākā daļa mirusi vācu gūstā. Kapus iesvētīja 1924. gadā. Katram apbedījumam individuāla kapu plāksne ar kritušo karavīru vārdu, karaspēka daļu piederību un bojā ejas datējumiem. 3 nezināmo kareivju un 1 jūrnieka kapu plāksnēs iekalts teksts: ""LIELĀ KARA KAREIVIS ZINĀMS DIEVAM"". Kapu vidusdaļā 4 metrus augsts betona krusts ar priekšpusē piestiprinātu metāla zobenu.","In this military cemetery 36 British soldiers and sailors were buried. Most of them were war prisoners. The cemetery was consecrated in 1924. Each grave has plaque with soldier's name, his unit and date of his death.  Plaques at graves of three unknown soldiers and sailor have inscription: ""UNKNOWN SOLDIER OF GREAT WAR IS KNOWN BY GOD"". Four meters high cross shaped monument was erected at central part of graveyard. The metal sword is attached to monument's front side.",cemetery,"https://www.google.com/maps?q=56.62601,23.753562"
56.60352,23.905997,"Vācu un krievu armijas karavīru kapi ""Smiltnek"". Kapos apglabāti 10 vācu un 5 krievu armijas karavīri, kuri krituši 1915. gadā. Kapos no plienakmeņiem mūrēts piemineklis un individuālie betona krustiņi ar kritušo karavīru vārdiem, karaspēka daļu piederību un bojā ejas datējumiem.","In military cemetery ""Smiltnek"" 10 German and 5 Russian soldiers were buried. They were killed in action in 1915. The stone monument was erected here. At each grave cross has inscription with information about fallen soldier's name, his unit and date of death.",cemetery,"https://www.google.com/maps?q=56.60352,23.905997"
56.628292,23.935694,"Vācu un krievu armijas karavīru kapi ""Garrosen"". Kapos apglabāti vācu un krievu armijas karavīri (precīzs skaits nav zināms, jo kapi pēc II pasaules kara stipri postīti). Saglabājusies daļa no individuālajiem betona krustiņiem un no plienakmeņiem mūrēts piemineklis ar gada skaitli ""1915"". No vienas puses, kapu teritoriju ierobežo mūrēta laukakmeņu sēta.","In military cemetery ""Garrosen"" German and Russian soldiers were buried here. Precise figure is unknown because the graveyard was partly destroyed after the Second World War. The stone monument has inscription: ""1915"". Few crosses at graves survived as well. On side of graveyard is enclosed by fence made from boulders.",cemetery,"https://www.google.com/maps?q=56.628292,23.935694"
56.458797,22.914714,"Krievu armijas karavīru kapi. Pēc Latviešu veco strēlnieku biedrības Auces nodaļas ziņām kapos apglabāti apmēram 40 Krievijas armijas karavīru, kuri krituši 1915. gadā. Apbedījumu vietā 1989. gadā uzstādīts koka krusts.","According with information gathered by Old Latvian Riflemen Society's Auce Branch, in this military cemetery  40 Russian soldiers were buried. They were killed in action in 1915. The wooden cross was erected here in 1989.",cemetery,"https://www.google.com/maps?q=56.458797,22.914714"
56.468676,22.887164,"Vācu un krievu armijas karavīru kapi ""Alt-Autz"". Kapos apglabāti 28 vācu un 14 krievu armijas karavīri, kuri krituši 1915. gada jūlijā un augustā. Karavīru apbedījumiem uzstādīti individuāli betona krustiņi ar kritušo vārdiem, karaspēka daļu piederību un bojā ejas datējumiem. Kapu teritoriju norobežo no laukakmeņiem mūrēta sēta.","In military cemetery ""Alt-Autz"" 28 German and 14 Russian soldiers were buried. They were killed in action in July-August 1915.  At each grave cross has inscription with information about fallen soldier's name, his unit and date of death. The graveyard is enclosed by fence made from boulders.",cemetery,"https://www.google.com/maps?q=56.468676,22.887164"
56.6276,23.286024,"Krievu armijas karavīru kapi. Kapi izveidoti 1939. gadā pārapglabājot I pasaules karā un Atbrīvošanas karā kritušos 9 nezināmos karavīrus, kuri pirms tam bija apglabāti dažādās vietās Dobeles pagastā. 1939. gadā kapos atklāja pieminekli ar tekstu: ""PAR PIENĀKUMU KITUŠIEM NEZINĀMIEM KARAVĪRIEM 1914-1920"". Pie kapu kopas melna granīta plāksne ar uzrakstu: ""NEZINĀMO KAREIVJU KAPI"".","In 1939 the military cemetery was created reburying here Russian soldiers who were killed in action during the First World War. From different places of Dobele parish 9 unknown soldiers, who died during Latvia Liberation War, were reburied here as well. The monument was unveiled in 1939. It has inscription: ""FOR SOLDIERS FALLEN FULFILLING THEIR DUTY IN 1914-1920."" At the tomb black granite plaque is located with inscription: ""GRAVES OF UNKNOWN SOLDIERS.""",cemetery,"https://www.google.com/maps?q=56.6276,23.286024"
57.534147,25.411056,"Latviešu strēlnieku un krievu armijas karavīru kapi. Kapos apglabāti I pasaules karā kritušie un slimnīcā mirušie latviešu strēlnieki, daži krievu un vācu armijas karavīri, kā arī Atbrīvošanas karā kritušie. 1923. gadā kapos atklāja E.Konča akmeņkaltuvē veidoto granīta obelisku ar uzrakstu:""LATVIJAS ATBRĪVOŠANAS CĪŅĀS KRITUŠIEM VAROŅIEM 1915 - 1920. TĒVU ZEMES BRĪVESTĪBU PIRKSIM MĒS AR ASINĪM"". Daļai karavīru apbedījumu pēc II pasaules kara virsu apglabāti civiliedzīvotāji. Uz karavīru apbedījumiem uzstādīti balti koka krusti.","In this military cemetery Latvian rifleman, some Russian and German soldiers were buried. They were killed in action or died in hospital during the First World War and Latvia Liberation War. The monument was made by E.Konča workshop. It was unveiled in 1923. It has inscription: ""TO HEROES FALLEN DURING LATVIA LIBERATION BATTLES IN 1915-1920."" THE LOVE OF FATHERLAND WE WILL BUY WITH BLOOD."" After Second World War some civilians were buried above military graves. The white crosses were erected at graves of soldiers.",cemetery,"https://www.google.com/maps?q=57.534147,25.411056"
57.318016,25.266591,"Latviešu strēlnieku un krievu armijas karavīru kapi. Kapos apglabāti apmēram 200 karavīri - I pasaules karā kritušie un slimnīcā mirušie latviešu strēlnieki, krievu, vācu, poļu un citu tautību karavīri, kā arī Atbrīvošanas karā kritušie. 1927. gadā kapos atklāja abpusēji skatāmu pieminekli - priekšpusē karavīra un aizsarga figūras un plāksne ar tekstu: ""MUMS DZĪVĪBA - DZIMTENEI VELTĪJUMS, MIERS LATVIJAS KLĒPĪ - DĀRGS IEGUVUMS. LATVIJAS NEATKARĪBAS CĪNĪTĀJIEM 1915-1920"", aizmugurē Mātes - Latvijas tēls ar kritušajiem karavīriem. Kapos saglabājušās dažas individuālās piemiņas zīmes."," Latvian riflemen, Russian, German, Polish and soldiers of other nationalities were buried here. They were killed in action during the First World War or Latvia Liberation War or died in hospital. The monument was unveiled in 1927. The front side of monument has figure of soldier and figure of aizsargs (member of Latvian paramilitary organization) and plaque with inscription: ""OUR LIVES ARE DEVOTED TO FATHERLAND. RESTING IN PEACE IN LAP OF LATVIA IS VALUABLE ACQUISITION. FOR LATVIA FREEDOM FIGHTERS IN 1915-1920."" On the rear is located figure of Mother Latvia with fallen soldiers. Some memorial plaques are still visible in graveyard.",cemetery,"https://www.google.com/maps?q=57.318016,25.266591"
57.195952,25.222824,"Latviešu strēlnieku un krievu armijas karavīru kapi. Kapos apglabāti 24 Spāres muižā iekārtotajā slimnīcā mirušie krievu armijas karavīri, tostarp latviešu strēlnieki. 1935. gadā kapos atklāja pieminekli, kurā bija smilšakmens plāksne. Bojātā smilšakmens plāksne tagad nomainīta ar granīta plāksni ar tekstu: ""PASAULES KARĀ NO IEVAINOJUMIEM KRITUŠO 24 KARAVĪRU PIEMIŅAI LAI TAUTA JŪT ŠE STAIGĀJOT, - DZĪVS, KAS PAR BRĀĻIEM NOMIRT PROT"".","In this military cemetery 24 Russian army soldiers, including Latvian Riflemen,  were buried. They died in hospital installed in Spāre manor. The monument with sandstone plaque was unveiled in 1935. The damaged plaque was replaced by black granite plaque with inscription: ""FOR COMMEMORATION OF 24 SOLDIERS WHO DIED FROM WOUNDS DURING WORLD WAR. LET PEOPLE FEEL WALKIG HERE THAT ALIVE IS EVERYBODY WHO IS ABLE TO DIE FOR BROTHERS"". ",cemetery,"https://www.google.com/maps?q=57.195952,25.222824"
56.808814,23.624159,"Vācu un krievu armijas karavīru kapi ""Klievenhof / Kirche Kliwen"". Kapos apkārt baznīcai apglabāti aptuveni 380 vācu un 51 krievu armijas karavīri (spriežot pēc lielākā numura uz krustiņa - 392), kuri lielākoties krituši Janvāra kaujās  1917. gadā. Starp kritušajiem nezināmajiem krievu armijas karavīriem iespējami arī latviešu strēlnieki. Karavīru apbedījumiem uzstādīti individuālie betona krustiņi ar kritušo vārdiem, karaspēka daļu piederību un bojā ejas datējumiem.","In military cemetery ""Klievenhof/Kirche Kliwen"" approximately 380 German and 51 Russian soldiers were buried (precise amount of fallen soldiers is unknown; the largest visible number is 392 on cross preserved until modern days). Mostly they were killed in action during battles in January 1917. Probably, among unknown Russian soldiers some Latvian Riflemen were buried.  At each grave cross has inscription with information about fallen soldier's name, his unit and date of death. ",cemetery,"https://www.google.com/maps?q=56.808814,23.624159"
55.900743,26.481453,"Krievu armijas karavīru kapi.  Kapos vairākās kapu kopās apglabāts precīzāk nezināms skaits krievu armijas karavīru, kuri I pasaules kara laikā miruši no ievainojumiem un slimībām. Apbedījumi bez piemiņas zīmēm.",In this military cemetery Russian soldiers were buried who died from wounds and diseases during the First World War. Graves don't have memorial signs or plaques. ,cemetery,"https://www.google.com/maps?q=55.900743,26.481453"
55.879031,26.57079,"Krievu armijas karavīru kapi. Kapos apglabāti 3476 krievu armijas karavīri kā arī 1919. gadā kritušie sarkanarmieši. Starp 3154 zināmajiem karavīriem ir arī vairāki latvieši, kuri I pasaules kara laikā dienējuši dažādās krievu armijas karaspēka daļās. 1931. gadā kapos atklāja pēc arhitekta A.Birznieka meta veidoto pieminekli, kuram priekšpusē bijusi plāksne ar tekstu: ""LIELĀ PASAULES KARĀ KRITUŠIEM KARAVĪRIEM"". 2013. gada jūnijā apsekošanas laikā plāksnes nebija. Pie pieminekļa saliktas nolauztās individuālās piemiņas zīmes - krustiņi."," In this military cemetery 3476 Russian soldiers were buried. In 1919, the Red Army soldiers were buried here as well. Among 3154 known soldiers some Latvians who served during the First World War in different Russian units were buried here, too. Architect A.Birznieks designed monument. It was unveiled in 1931. It had memorial plaque with inscription: FOR SOLDIERS FALLEN DURING GREAT WORLD WAR"". The plaque wasn't discovered at monument during the survey in June 2013. The crosses are toppled. Some of them are stored nearby monument.    ",cemetery,"https://www.google.com/maps?q=55.879031,26.57079"
55.886216,26.574718,"Krievu armijas karavīru kapi. Kapos apglabāti 19 nezināmi krievu armijas karavīri. 1934. gadā kapos uzstādīts piemineklis, kura priekšpusē plāksnē teksts: ""ВЕЧНАЯ ПАМЯТЬ ВОИНАМ ПОГИБШИМ В ПЕРВУЮ МИРОВУЮ ВОЙНУ 1914.Г. – 1918.Г."". Katrai kapu kopai betona apmale un metāla pareizticīgo krusts. Uz vienas betona piemiņas zīmes piestiprināta metāla plāksne ar tekstu: ""ОФИЦЕРУ РУССКОЙ АРМИИ УМЕРШЕМУ ОТ РАН ВОЙНЫ 1914 -1918 ГГ""."," In this military cemetery 19 unknown Russian soldiers were buried. The monument was erected in 1934. The memorial plaque has inscription in Russian: ""ETHERNAL REMEBRANCE FOR SOLDIERS FALLEM DURING THE FIRST WORLD WAR IN 1914-1918."" Each grave has concrete edging and Russian Orthodox cross made from metal. One grave has metallic plaque with inscription in Russian: ""FOR OFFICER OF RUSSIAN ARMY WHO DIED FROM WOUNDS OF WAR IN 1914-1918"".",cemetery,"https://www.google.com/maps?q=55.886216,26.574718"
55.887564,26.568925,"Vācu un krievu armijas karavīru kapi ""Dünaburg"". Kapos apglabāti 186 vācu armijas karavīri (starp kuriem 4 austrieši un 3 turki) un 72 krievu armijas karavīri (starp kuriem daudz latviešu tautības karavīru,  kuri I pasaules kara laikā dienējuši dažādās krievu armijas karaspēka daļās un šeit apglabāti vēl pirms vācu karaspēka ienākšanas Daugavpilī 1918. gada februārī). 1937. gadā kapos uzstādīts granīta piemineklis un individuālie betona krustiņi ar kritušo vācu armijas karavīru vārdiem, karaspēka daļu piederību un bojā ejas datējumiem, kas pēc II pasaules kara stipri sapostīti. Bijis nopostīts arī pirmā Latvijas valsts prezidenta J.Čakstes dēla, krievu armijas praporščika Visvalža Čakstes (miris no ievainojuma 1915. gada 10. jūlijā) apbedījuma krustiņš, kas tagad atjaunots. Kapos pretī ieejas vārtiem otra kopīgā piemiņas zīme - betona krusts.","In military cemetery ""Dünaburg"" 186 German (including 4 Austrian and 3 Turkish soldiers) and 72 Russian soldiers (including many Latvians who served in Russian units during the First World War, before Daugavpils was occupied by German troops in February 1918) were buried here. The granite monument was erected in 1937. The German graves had crosses with names of fallen soldiers, their units and dates of death, but after Second World War they were seriously damaged. The cross on the grave of Praporshchik Visvaldis Čakste, son J.Čakste, (he died from wounds on July 10, 1915) was damaged, too. It was restored. The concrete cross was erected opposite to entrance of graveyard as common sign of commemoration.  ",cemetery,"https://www.google.com/maps?q=55.887564,26.568925"
55.876962,26.529738,"Krievu armijas poļu tautības karavīru kapi. Kapos apglabāti 151 nezināmi krievu armijas karavīri, kuri krituši I pasaules karā krievu armijas sastāvā, kā arī poļu un latviešu karavīri, kas krituši Atbrīvošanas kara laikā. 1950. gadā pilsētas Izpildkomitejā pieņēma lēmumu par smilšu karjera ierīkošanu kapu teritorijā, kā rezultātā kapi tika pilnībā nopostīti, bet 1928. gadā kapos atklātā pieminekļa granīta daļas tika izmantotas padomju armijas brāļu kapu piemineklim. 1992. gadā kādreizējo kapu vietā atklāja jaunu pieminekli - betona krustu ar uzrakstu: ""ŽOLNIEROM POLAKOM POLEGLYM NA TEJ ZIEMI"".","In this military cemetery 151 unknown Russian soldiers were buried. They died during the First World War. Latter, during the Liberation War of Latvia, Latvian and Polish soldiers were buried here as well. The city's Executive committee made decision to create a sand quarry at cemetery site and it was destroyed in 1950. The monument, standing here since 1928, also was dismantled. Its parts were used for Soviet Brethren Cemetery’s monument.  The new monument was erected at site of former military graveyard in 1992. The concrete cross has inscription in Polish: ""ŽOLNIEROM POLAKOM POLEGLYM NA TEJ ZIEMI"".",cemetery,"https://www.google.com/maps?q=55.876962,26.529738"
55.792567,26.375127,"Krievu armijas karavīru kapi. Kapos apglabāts nezināms skaits krievu armijas karavīru no 173.Kameņecas, 174.Romenskas un 176.Perevoločenskas kājnieku pulkiem. Uzstādīts betona piemineklis ar uzrakstu priekšpusē: ""LIELĀ PASAULES KARĀ KRITUŠIEM 1914-1917 KRIEVU ARMIJAS KARAVĪRIEM"".","In this military cemetery unknown amount of Russian soldiers from 173rd Kamenetsk, 174th Romensk and 176th Perevolochensk Regiments were buried. The concrete monument was erected with inscription on front side: ""FOR RUSSIAN ARMY SOLDIERS FALLEN DURING THE GREAT WORLD WAR IN 1914-1917"".  ",cemetery,"https://www.google.com/maps?q=55.792567,26.375127"
56.499431,25.856248,"Krievu armijas karavīru kapi. Kapos apglabāti 78 3.Kaukāza strēlnieku pulka virsnieki un karavīri, kuri krituši pie Jēkabpils 1915. gada 1. septembrī. Uzstādīts granīta obelisks, ko norobežo ar metāla ķēdēm savienoti betona stabi.","In this military cemetery 78 Russian soldiers from 3rd Caucasus Riflemen Regiment were buried. They were killed in action at Jēkabpils on September 1, 1915. The granite obelisk was erected here. It was enclosed by chain attached to concrete poles. ",cemetery,"https://www.google.com/maps?q=56.499431,25.856248"
56.496439,25.850036,"Vācu armijas karavīru kapi ""Jakobstadt"". Apglabāto karavīru skaits precīzi nav zināms, bet spriežot pēc pieciem saglabātajiem krustiņiem tie lielākoties krituši 1917. gada 21. - 22. septembrī. Pārējiem karavīru apbedījumiem pēc II pasaules kara virsū glabāti civiliedzīvotāji. Saglabājies betona stabs ar metāla stieņa gabalu liecina, ka kapu teritorija bijusi norobežota ar betona stabu un metāla stieņu sētu.","In military cemetery “Jakobstadt"" German soldiers were buried. Precise amount of fallen soldiers is unknown. According to information obtained from preserved crosses, soldiers were killed in action on September 21-22, 1917. After Second World War civilians were buried above soldiers’ graves. Preserved concrete post indicates that graveyard was enclosed by fence made from concrete poles and metallic bars.",cemetery,"https://www.google.com/maps?q=56.496439,25.850036"
56.494602,25.844468,"Vācu armijas karavīru un Landesvēra kapi ""Jakobstadt"". Kapos apglabāti vismaz 19 vācu armijas karavīri (no tiem 3 Landesvēra karavīri, kuri krituši 1919. gada 27. oktobrī). Karavīru apbedījumiem individuāli betona krusti (saglabājušies 16) ar karavīru vārdiem, karaspēka daļu piederību un bojā ejas datējumiem.","In military cemetery “Jakobstadt"" at least 19 German army soldiers (including 3 soldiers from Landeswehr, who were killed in action on October 27, 1919) were buried. At graves 16 concrete crosses were preserved with names of fallen soldiers, their units and dates of death. ",cemetery,"https://www.google.com/maps?q=56.494602,25.844468"
56.496823,25.849663,"Krievu armijas karavīru kapi. Apglabāto karavīru skaits nav zināms. Uzstādīts granīta obelisks ar uzrakstu: ""MŪŽĪGA PIEMIŅA PASAULES KARĀ KRITUŠIEM KAREIVJIEM UN VIŅU VIRSNIEKIEM. 1916."". Obeliska priekšā izveidots betona aplis ar Sv.Jura krustu un gada skaitli ""1916"".  ","In this military cemetery Russian soldiers were buried. Precise amount of fallen soldiers is unknown. The granite obelisk was erected. It has inscription: ""ETHERNAL REMEMBRANCE TO SOLDIERS AND THEIR OFFICERS FALLEN DURING THE WORLD WAR IN 1916"". At the front of obelisk the concrete circle was created with St. George Cross and date: ""1916"".  ",cemetery,"https://www.google.com/maps?q=56.496823,25.849663"
56.496672,25.846344,"Krievu armijas karavīru kapi. Kapos apglabāti trīs 3.Kaukāza strēlnieku pulka karavīri - Aleksandrs Kuzņecovs, Gerasims Seričenko un Grigorijs Jaluņins, kuri pēc lauka karatiesas sprieduma par pretkara aģitāciju nošauti 1916. gada 18. maijā. Pārapglabāti pašreizējā vietā 1917. gadā . Uzstādīts granīta obelisks, ko norobežo ar metāla ķēdēm savienoti akmens stabi.","Three soldiers Alexander Kuznetsov, Gerasim Serichenko and Grigory Yalunin from 3rd Caucasus Riflemen Regiment were buried in these graves. Court martial sentenced to death about anti-war propaganda. They were executed on May 18, 1916. They were reburied here in 1917. The granite obelisk was erected. It was enclosed by chain attached to poles.   ",cemetery,"https://www.google.com/maps?q=56.496672,25.846344"
56.346655,25.555296,"Vācu un krievu armijas karavīru kapi ""Asche - Süd"". Kapos apglabāti vismaz 70 vācu un 13 krievu (vairāki miruši kā karagūstekņi) armijas karavīri. Karavīru apbedījumiem uzstādīti individuālie betona krustiņi ar kritušo vārdiem, karaspēka daļu piederību un bojā ejas datējumiem. Kopīga piemiņas zīme - no akmeņiem mūrēts piemineklis ar krustu un uzrakstu priekšpusē: ""BIS IN DEN TOD GETREU!"".","In military cemetery “Asche - Süd"" at least 70 German soldiers and 13 Russian soldiers (several of Russian soldiers died as war prisoners) were buried. Concrete crosses were preserved with names of fallen soldiers, their units and dates of death. The monument was made from stones. It has inscription: ""BIS IN DEN TOD GETREU!""",cemetery,"https://www.google.com/maps?q=56.346655,25.555296"
56.971427,23.170709,"Latviešu strēlnieku un civiliedzīvotāju kapi. Kapi iekārtoti 1928. gadā, kad šeit pārapglabāti vismaz 40 vāciešu nošautie karavīri un civiliedzīvotāji. Starp nošautajiem arī latviešu strēlnieki, kuri kā izlūki tikuši iesūtīti vācu armijas aizmugurē. 1940. gadā atklāja pēc tēlnieka K.Zemdegas meta veidoto pieminekli - uz ceļa nometies karavīrs ar šauteni rokās. Pieminekļa priekšpusē teksts: ""SVĒTS MANTOJUMS ŠĪ ZEME MŪSU TAUTAI UN SVĒTĪTS TAS, KAS DROŠS PAR VIŅU KRĪT."".","In this military cemetery at least 40 Latvian Riflemen and civilians, shot by German troops were buried. Some Latvian Riflemen reconnoitres were among executed people. They went to make reconnaissance in the rear of German army. In 1940, K.Zemdegs designed monument depicting a soldier on one knee holding in hand a rifle. On the front side monument has inscription: ""THIS LAND IS HOLY HERITAGE FOR OUR NATION AND BLESSED IS EVERYBODY WHO DIES FOR IT.""",cemetery,"https://www.google.com/maps?q=56.971427,23.170709"
56.963533,23.136512,"Vācu armijas karavīru kapi ""Tuckum"". Kapos apglabāts precīzāk nezināms skaits vācu armijas karavīru (saglabājušās 87 individuālo betona krustiņu pamatnes). Kapi pēc II pasaules kara praktiski izpostīti daļēji teritorija norakta grantij, daļēji virsū civilie apbedījumi. Gandrīz visas piemiņas zīmes iznīcinātas. Saglabājusies centrālās piemiņas zīmes - krusta pamatne un viens individuālais betona krustiņš (viens krustiņš izgatavots no jauna 27.Karalisko Prūsijas jēgeru bataljona karavīram Paavo Kinnunen).","In military cemetery “Tuckum"" German soldiers were buried. Precise amount of fallen soldiers is unknown (fundaments of 87 crosses are preserved). After Second World War cemetery was almost completely destroyed by sand quarry and civilian burials above military graves. Almost all memorial signs were destroyed. Just fundament of main cross and smaller cross at one grave survived (A new cross was made for grave of Finnish soldier Paavo Kinnunen from 27th Prussia Royal Jäger Battalion).  ",cemetery,"https://www.google.com/maps?q=56.963533,23.136512"
56.778944,23.631078,"Vācu armijas karavīru kapi ""Masitzer / Kaigi, Kalnzem II"". Kapos apglabāti apmēram 60 vācu armijas karavīru. Karavīru apbedījumiem uzstādīti individuālie betona krustiņi ar kritušo vārdiem, karaspēka daļu piederību un bojā ejas datējumiem. Pēc II pasaules kara kapi stipri izpostīti - saglabājušies 7 krustiņu fragmenti. 1995. gadā kapi sakopti - uzstādīts piemineklis bez uzraksta un kapu teritoriju norobežota ar zemes valni.","In military cemetery “Masitzer / Kaigi, Kalnzem II"" approximately 60 German soldiers were buried. The graves had concrete crosses with names of fallen soldiers, their units and dates of death. After Second World War graveyard was seriously damaged. Just fragments of 7 crosses survived until modern days. In 1995, cemetery was put in order. A new monument was installed without inscriptions. Graveyard's territory was enclosed by sand rampart.",cemetery,"https://www.google.com/maps?q=56.778944,23.631078"
56.838993,23.578365,"Vācu un krievu armijas karavīru kapi ""Kalnzem"". Kapos apglabāti 147 vācu un 8 krievu armijas karavīri. 1938. gadā kapos uzstādīts granīta piemineklis un uzstādīti individuālie betona krustiņi ar kritušo vārdiem, karaspēka daļu piederību un bojā ejas datējumiem, kas daļēji postīti. Pēc II pasaules kara karavīru apbedījumiem daļēji virsū glabāti civiliedzīvotāji. ","In military cemetery “Kalnzem"" 147 German and 8 Russian soldiers were buried. The granite monument and concrete crosses were installed in 1938. Crosses had information about  names of fallen soldiers, their units and dates of death. Partly crosses were damaged. After Second World War some civilians were buried above military graves.",cemetery,"https://www.google.com/maps?q=56.838993,23.578365"
56.967878,24.138894,"Krievu armijas karavīru kapi. Kapos apglabāti 21 krievu armijas karavīrs (no tiem pieci nezināmi). 1920. gadu beigās uzstādīts arhitekta V.Šervinska izstrādātais piemineklis - piramīdveida pamatne ar granīta krustu. Piemineklim piestiprinātā plāksnē teksts: ""БРАТСКАЯ МОГИЛА РУССКИХЬ ВОИНОВЬ ПАВШИХЬ ПРИ ЗАЩИТЬ ГОР. РИГИ ВЬ МИРОВУЮ ВОИНУ"" (seko kapos apglabāto saraksts ar pakāpju un karaspēka daļu norādēm).","In ""Pokrov cemetery"" 21 Russian soldiers (among them 5 unknown) were buried. At the end of 1920s architect V.Šervinskis designed monument. It has pyramidal base. Cross was installed on top. Memorial plaque has inscription in Russian: ""BRETHREN GRAVE OF RUSSIAN SOLDIERS FALLEN DEFENDING RĪGA DURING WORLD WAR."" List of fallen soldiers follows below with names, service ranks and soldiers' units.",cemetery,"https://www.google.com/maps?q=56.967878,24.138894"
56.987603,24.144623,"Latviešu strēlnieku un Latvijas armijas karavīru kapi. Apglabāti 977 I.pasaules karā kritušie latviešu strēlnieki, no kuriem 148 ir nezināmi. Karavīru apbedījumiem individuālas piemiņas plāksnes. Arhitekta K.Zāles izstrādātais kapu ansamblis izbūvēts no 1936. gada līdz 1940. gadam.","In Rīga ""Brethren Cemetery"" 977 Latvian Riflemen were buried. Among them 148 soldiers were unknown. At each grave memorial plaque was installed.  Memorial ensemble was designed by architect K.Zāle. It was built up from 1936 until 1940.",cemetery,"https://www.google.com/maps?q=56.987603,24.144623"
56.992913,24.138528,"3.Kurzemes latviešu strēlnieku pulka II bataljona komandiera kapteiņa Jēkaba Elša kaps. Kapteinis J.Elsis kritis 1917. gada 30. janvārī pie Ložmetējkalna. 1922. gadā uzstādīts E.Kurua firmā izgatavots šūnakmens piemineklis ar tekstu priekšpusē iestrādātā plāksnē: ""KAPITANS JĒKABS JĒKABA D.ELSIS 3.KURZEMES LATVIEŠU STRĒLNIEKU PULKA II BATALJONA KOMANDIERS DZ.13.DECEMBRĪ 1890.G. KRITIS PIE LOŽMETĒJU KALNA CĪŅĀ PRET VĀCIEM 17.JANVĀRĪ 1917.G. UZ EŽIŅAS GALVU LIKU, SARGĀJ SAVU TĒVU ZEMI"". Piemineklī bijis iestrādāts bronzas krūšutēls, kas pēc II pasaules kara pazudis.","In this cemetery commander of 3rd Kurzeme Latvian Riflemen Regiment's 2nd Battalion Captain Jēkabs Elsis was buried. He was killed in action at Ložmetējkalns on January 30, 1917 (New Style). The monument was made from calcareous tufa by E.Kurua firm in 1922. On the front side it has inscription: ""CAPTAIN JĒKABS ELSIS SON OF JĒKABS WAS BORN ON DECEMBER 13, 1890 AND DIED DURING BATTLE AGAINST GERMANS ON JANUARY 17, 1917. ON BOUNDARY I PUT DOWN MY HEAD DEFENDING MY FATHERLAND."" Monument had bronze bust. After Second World War it disappeared.",cemetery,"https://www.google.com/maps?q=56.992913,24.138528"
56.988858,24.157823,"Vācu armijas karavīru un landesvēra kapi ""Waldfriedhof"". Kapos apglabāti 254 vācu armijas karavīri. Pēc II pasaules kara kapi iznīcināti - piemineklis nojaukts, bet karavīru apbedījumiem virsū glabāti civiliedzīvotāji. Tagad apbedījumu vietā uzstādīts tēlnieka Ģ.Burvja veidotais piemineklis, kas izgatavots no iepriekšējā pieminekļa gabaliem.","In military cemetery “Waldfriedhof"" 254 German Army and Landeswehr soldiers were buried. After Second World War burial site was destroyed and monument dismantled. Civilians were buried above military graves. Sculptor Ģ.Burvis created a new monument at burial site using available parts from old monument.",cemetery,"https://www.google.com/maps?q=56.988858,24.157823"
56.735815,24.111079,"Vācu armijas karavīru kapi ""Lelmelup I"". Kapos divās vietās apglabāti 62 vācu armijas karavīri. Lielākā apbedījumu daļā apglabāti karavīri, kuri krituši 1916. - 1917. gadā. Atsevišķā kapu kopā 9 karavīri, kuri krituši 1915. gada oktobrī un novembrī.  Karavīru apbedījumiem uzstādīti individuālie betona krustiņi ar kritušo vārdiem, karaspēka daļu piederību un bojā ejas datējumiem. ","In military cemetery “Lelmelup I"" 62 German soldiers were buried in two burial sites. They were killed in action from 1916 until 1917. The separate burial site was made for 9 soldiers killed in action in October and November 1915.  Concrete crosses were installed with names of fallen soldiers, their units and dates of death. ",cemetery,"https://www.google.com/maps?q=56.735815,24.111079"
56.759463,24.198455,"Vācu un krievu armijas karavīru kapi  ""Martenberg II"". Kapos apglabāti 75 vācu (no tiem 23 nezināmi) un 13 nezināmi krievu armijas karavīri, kuri lielākoties krituši 1916. gada jūlija kaujās. 1940. gadā kapos uzstādīts granīta piemineklis un 9 betona plāksnes ar kritušo karavīru vārdiem, karaspēka daļu piederību un bojā ejas datējumiem.","In military cemetery “Martenberg II"" 75 German (23 unknown) and 13 unknown Russian soldiers were buried. Mostly, they were killed in action in July 1916. The granite monument and 9 concrete plaques were installed in 1940. Plaques had information about names of fallen soldiers, their units and dates of death. ",cemetery,"https://www.google.com/maps?q=56.759463,24.198455"
56.805909,24.208183,"Latviešu strēlnieku kapi. Kapos apglabāti apmēram 200 strēlnieki, kuri krituši 1916. gada jūlija kaujās. No apglabātajiem strēlniekiem tikai neliela daļa ir zināmi. 1925. gadā kapos atklāja pēc arhitekta E.Laubes tipveida projekta darinātu betona obelisku. Pieminekļa priekšpusē teksts: ""1916.G. JŪNIJA UN JŪLIJA KAUJĀS PRET VĀCIEŠIEM KRITUŠO 6.TUKUMA, 7BAUSKAS, 8.VALMIERAS UN 2.RĪGAS LATVIEŠU STRĒLNIEKU BATALJONU 200 KRITUŠO KARAVĪRU PIEMIŅAI / TĒVUZEMES BRĪVESTĪBU PIRKSIM MĒS AR ASINĪM"".","In this military cemetery approximately 200 Latvian Riflemen were buried. They were killed in action in July 1916.  From buried riflemen just few were indentified. Standard obelisk designed by architect E.Laube was unveiled in 1925. On the front side it has inscription:  ""FOR REMEBRANCE OF 200 SOLDIERS FROM 6th TUKUMS, 7th BAUSKA, 8th VALMIERA AND 2nd RĪGA LATVIAN RIFLEMEN BATTALIONS FALLEN DURING BATTLES IN JUNE AND JULY 1916. THE FREEDOM OF FATHERLAND WE WILL BUY WITH BLOOD."" ",cemetery,"https://www.google.com/maps?q=56.805909,24.208183"
56.933232,24.035114,"Latviešu strēlnieku  un krievu armijas karavīru kapi. Kapos trīs vietās apglabāti latviešu strēlnieki un citu krievu armijas daļu karavīri - attiecīgi vienā vietā 32, otrā 6 un 1. Viena kapu kopa iekārtota 31 latviešu strēlniekam (visi zināmi) un 435. Jamburgas kājnieku pulka štābkapteinim F.Leijavam. Šeit 1990. gadā uzstādīts tēlnieka H.Sprinča gatavotais piemineklis ar uzrakstu: ""ŠEIT ATDUSAS 33 KRITUŠIE LATVIEŠU STRĒLNIEKI 1915 - 1917"". Otrā apbedījumu vietā  arī  1990 . gadā uzstādīts tēlnieka H.Sprinča gatavotais piemineklis ar tekstu: ""ŠE DZIMTĀS ZEMES KLĒPĪ DUS 9 LATVIEŠU STRĒLNIEKI /VĀRDI NEZINĀMI/ MIRUŠI LAZARETĒ - NO IEVAINOJUMIEM RĪGAS FRONTĒ 1915-1917.G.G. / NO ZEMES ŠĪS MĒS IZAUGUŠI ESAM, PAR ZEMI ŠO MUMS GALVA JĀNOLIEK"" (uz 1938. gadā inventarizētās piemiņas zīmes bijuši minēti 6 krievu armijas karavīri, no kuriem viens latvietis praporščiks Blumbergs). Atsevišķi apglabāts strēlnieks F.Lerhs, uz kura apbedījuma uzstādīta piemiņas zīme ar latviešu strēlnieku vienību krūšu nozīmes attēlojumu un tekstu: ""L.S.5.ZEMGALES P.STRĒLNIEKS FRICIS LERHS 1900.2.III / 1917.28.VIII"".","In this military cemetery Latvian Riflemen and Russian soldiers from different units were buried. Accordingly, at one site 32 buried soldiers, second site has 6 burials and 1 burial. One burial site was made for 31 Latvian Riflemen (all identified) and 435th Jamburg Infantry Regiment's Stabs-Captain F.Leijav. In 1990, sculptor H.Sprincis made monument with inscription: ""HERE 33 LATVIAN RIFLEMEN REST IN PEACE. 1915-1917."" At the second burial site H.Sprincis made monument with inscription: ""HERE IN FATHERLAND'S LAP 9 LATVIAN RIFLEMEN REST IN PEACE. NAMES UNKNOWN, DIED IN SICKBAY FROM WOUNDS SUFFERED IN RĪGA FRONT IN 1915-1917. WE ARE COMING FROM THIS LAND AND FOR THIS LAND WE PUT OUR HEADS."" (In survey of 1938, at one memorial sign 6 Russian Army soldiers were mentioned. One of them was Praporshchik Blumbergs, Latvian.) The Latvian Rifleman F.Lerhs was buried in separate grave. At his burial the memorial sign was installed, depicting the Badge of Latvian Riflemen units, and with inscription: „5th ZEMGALE RIFLEMEN REGIMENT'S RIFLEMAN FRICIS LERHS. 1900.2. III/1917.28. VIII"".",cemetery,"https://www.google.com/maps?q=56.933232,24.035114"
56.83145,24.494761,"Latviešu strēlnieku un krievu armijas karavīru kapi. Kapos apglabāti 75 2.Rīgas latviešu strēlnieku bataljona strēlnieki, kuri krituši 1916. gadā Nāves salas pozīcijās. 1934. gadā kapos pārapglabāti 45 karavīri no dažādām Ikšķiles un Salaspils pagasta vietām, tajā skaitā iespējami arī 3.Kurzemes latviešu strēlnieku bataljona strēlnieki. Kapos 1926. gadā atklāts betona obelisks (pēc arhitekta E.Laubes projekta) ar uzrakstu: ""ŠE DUS 2.RĪGAS BATALJONA 75 LATVJU STRĒLNIEKI KRITUŠI VARONĪGĀS CĪŅĀS PRET VĀCIEŠIEM NĀVES SALĀ 1916.G. / CITKĀRT JŪS TE ATNĀKSIET - BRĀĻI SIRDS VALODĀ MĒS AR JUMS RUNĀSIM KLUSOT"". 1994. gadā kapos uzstādīja arī betona plāksni ar tekstu: ""45 NEZINĀMI 1.PASAULES KARĀ KRITUŠIE KRIEVIJAS ARMIJAS KARAVĪRI, KURUS 1934.G. PĀRAPBEDĪJA NO IKŠĶILES UN SALASPILS PAGASTIEM"".","In this military cemetery of Latvian Riflemen and Russian soldiers (including 75 Latvian Riflemen from 2nd Riga Latvian Riflemen Battalion) were buried.  They were killed in action at Nāves sala (Death Island) positions in 1916. In 1934, 45 soldiers from different burial sites located in Ikšķile and Salaspils parish were reburied here, probably, also soldiers of 3rd Kurzeme Latvian Riflemen Battalion. In 1926 the obelisk (designed by architect E.Laube) made from concrete was unveiled with inscription: ""HERE 75 LATVIAN RIFLEMEN OF 2nd RĪGA BATTALION WHO DIED DURING FIGHTING AGAINST GERMANS IN NĀVES SALA IN 1916. AT ONE TIME YOU WILL COME HERE AND WE, BROTHERS, WILL SPEAK WITH YOU SILENTLY USING LANGUAGE OF HEART"". In 1994, concrete plaque was unveiled with inscription: ""45 UNKNOWN RUSSIAN ARMY SOLDIERS KILLED IN ACTION DURING FIRST WORLD WAR, WHO WERE REBURIED FROM IKŠĶILE AND SALASPILS PARISHES"".",cemetery,"https://www.google.com/maps?q=56.83145,24.494761"
56.850886,24.591012,"Vācu un krievu armijas karavīru kapi ""Sille - Lindenberg"". Kapos apglabāti 124 vācu (tajā skaitā 40 nezināmi) un 3 nezināmi krievu armijas karavīri, kuri krituši 1917. gada 1. un 2. septembrī. 1937. gadā kapos uzstādīts piemineklis un individuālie betona krustiņi ar kritušo karavīru vārdiem, karaspēka daļu piederību un bojā ejas datējumiem, kas pēc II pasaules kara pilnīgi nopostīti (daļa sadauzīto krustiņu tagad savākti pie pieminekļa). Kapu teritoriju norobežo zemes valnis. Saglabājušies mūrēti ieejas vārti.","In military cemetery “Sille - Lindenberg"" 124 German (40 unknown) and 3 unknown Russian soldiers were buried. Mostly, they were killed in action on September 1-2, 1917. The granite monument and concrete crosses were installed in 1937. Crosses had information about names of fallen soldiers, their units and dates of death. After Second World War crosses were toppled or smashed. (Now partly, remnants of crosses are collected at the monument.) Graveyard's territory was enclosed by sand rampart. Entrance gate's masonry poles survived until modern days as well.",cemetery,"https://www.google.com/maps?q=56.850886,24.591012"
56.875721,24.505431,"Vācu, krievu armijas karavīru un latviešu strēlnieku kapi ""Pikkukaln"". Kapi šeit iekārtoti, kad 1916. - 1917. gadā šeit atradās krievu armijas 44. kājnieku divīzijas 2. pārsiešanas punkts. Šajā laikā šeit apglabāti vismaz 72 krievu armijas karavīri, kuri miruši no ievainojumiem vai saindēšanās ar gāzēm. No 1917. gada 1. - 2. septembra kaujām šeit apglabāti 12 vācu un 7 krievu (no tiem 2 latviešu strēlnieki no 5. Zemgales latviešu strēlnieku pulka) armijas karavīri. Kapos 1926. gadā uzstādīts piemineklis 1917. gada septembra kaujās kritušajiem. Kapu teritorijā saglabājies arī no metāla caurulēm izgatavots atsevišķs krusts.","In military cemetery “Pikkukaln"" German soldiers, Latvian Riflemen and Russian soldiers were buried. The cemetery was created here, when 44th Division's 2nd Dressing Station of Russian army worked nearby this site. During that period, at least 72 Russian army soldiers who died from wounds or chemical attacks were buried. 12 German and 7 Russian soldiers (among them also two Latvian Riflemen from 5th Zemgale Latvian Riflemen Regiment) were buried here as well. They were killed in action on September 1-2, 1917. The cross made from metal bars was preserved in territory of graveyard.",cemetery,"https://www.google.com/maps?q=56.875721,24.505431"
56.874506,24.430889,"Latviešu strēlnieku karavīru kapi. Kapos apglabāti 92 3.Kurzemes latviešu strēlnieku bataljona karavīri, kuri krituši Nāves salā 1916. gadā. Vismaz 87 no tiem ir zināmi. 1930. gadā atklāja pēc arhitekta A.Birznieka izstrādātā projekta izveidoto kapu ansambli ar no plienakmens mūrētu pieminekli centrā un no šūnakmens veidotiem ieejas vārtu stabiem un soliem. Piemineklī divas plāksnes ar tekstu: ""1916.G.VARONĪGĀS KAUJĀS NĀVES SALĀ KRITUŠO 92 3.KURZEMES LATVIEŠU STRĒLNIEKU PULKA KARAVĪRU NEAIZMIRSTAMAI PIEMIŅAI."" un ""MANA TAUTA, TU ILGI DZĪVOSI, TAVI DĒLI PROT NOMIRT SLAVENI"".","In this military cemetery 92 soldiers from 3rd Latvian Riflemen Battalion were buried. They were killed in action at Nāves sala positions in 1916. At least 87 of them were identified. Architect A.Birznieks designed memorial ensemble in 1930. The lime stone monument was erected in centre of burial site. The gate poles were made from calcareous tufa. Two plaques at the monument have inscription: ""FOR ETHERNAL REMEMBRANCE OF 75 LATVIAN RIFLEMEN FROM 3rd KURZEME LATVIAN RIFLEMEN BATALLION WHO DIED DURING HEROIC BATTLES IN NĀVES SALA IN 1916. MY NATION WII HAVE LONG LIVE, YOUR SONS KNOW HOW TO DIE FAMOUS.""",cemetery,"https://www.google.com/maps?q=56.874506,24.430889"
57.181828,26.751233,"Vācu armijas karavīru kapi ""Alt-Schwanenburg"". Kapos apglabāti 20 vācu armijas karavīri (7 nezināmi), kuri krituši no 1918. gada februāra līdz oktobrim. 1930. gadā kapos uzstādīts granīta piemineklis un 3 betona plāksnes ar kritušo karavīru vārdiem, karaspēka daļu piederību un bojā ejas datējumiem.","In military cemetery “Alt-Schwanenburg"" 20 German soldiers (7 unknown)  were buried. They were killed in action from February until October 1918. The granite monument and 3 concrete plaques were installed in 1930. Plaques have inscriptions with names of fallen soldiers, their units and dates of death.",cemetery,"https://www.google.com/maps?q=57.181828,26.751233"
57.138633,24.821038,"Vācu armijas karavīru kapi ""Kronenberg"". Kapos apglabāti 105 vācu armijas karavīri, kuri krituši no 1917. gada septembra līdz 1918. gada rudenim. 1937. gadā kapos uzstādīts granīta piemineklis un individuālie betona krustiņi ar kritušo karavīru vārdiem, karaspēka daļu piederību un bojā ejas datējumiem. Pēc II pasaules kara krustiņi lielākoties nopostīti, tikai dažu krustiņu daļas saglabājušās. Karavīru apbedījumi izkārtoti apļveidā. Kapu teritoriju norobežo no laukakmeņiem mūrēta sēta.","In military cemetery “Kronenberg"" 105 German soldiers were buried. They were killed in action from September 1917 until autumn 1918. The granite monument and concrete crosses were installed in 1935. The crosses have inscriptions with    names of fallen soldiers, their units and dates of death. Crosses were destroyed after Second World War. Just few parts survived until modern days. The graves were arranged in circular pattern. The graveyard is enclosed by fence made from boulders.",cemetery,"https://www.google.com/maps?q=57.138633,24.821038"
57.151832,24.890158,"Latviešu strēlnieku un krievu armijas karavīru kapi. Kapi iekārtoti 1934. gadā tur pārapglabājot divus 1.Daugavgrīvas latviešu strēlnieku pulka karavīrus. Kopā no dažādām vietām kapos pārapglabāti vairāk nekā 100 latviešu strēlnieki un citu krievu armijas daļu karavīri. 1960.gados kapos uzstādīja granīta pieminekli ar tekstu: ""MŪŽIGA PIEMIŅA 12.ARMIJAS LATVIEŠU PULKA KARAVĪRIEM, KAS KRITUŠI 1917.G. SIGULDAS APKĀRTNĒ CĪŅĀS PRET VĀCU IEBRUCĒJIEM. ŠEIT APGLABĀTI 97 LATVIEŠU STRĒLNIEKI UN 6 SIBĪRIJAS KRIEVU PULKU KARAVĪRI"" (tas pats krievu valodā).","In this military cemetery Latvian Riflemen and Russian soldiers from different units were buried. In 1934, the cemetery was created when two Latvian riflemen of 1st Daugavgrīva Latvian Riflemen Regiment were reburied here. Altogether 100 Latvian riflemen and Russian soldiers were reburied here. The granite monument was erected in 1960s. It has inscription: ""ETHERNAL REMEBRANCE FOR 12th ARMY'S LATVIAN REGIMENT SOLDIERS WHO DIED FIGHTING AGAINST GERMAN INVADERS IN VICINITY OF SIGULDA IN 1917. HERE 97 LATVIAN RIFLEMEN AND 6 SIBERIA RIFLEMEN WERE BURIED"" (the same text in Russian).",cemetery,"https://www.google.com/maps?q=57.151832,24.890158"
56.781906,24.527575,"Vācu un krievu armijas karavīru kapi ""Sille"". Kapos apglabāti vismaz 94 vācu un 3 krievu armijas karavīri. Starp šeit apglabātajiem krievu armijas karavīriem ir arī 347. kājnieku pulka karavīrs uzvārdā Slotiņš. 1940. gadā uzstādīts granīta piemineklis un individuālie betona krustiņi ar kritušo karavīru vārdiem, karaspēka daļu piederību un bojā ejas datējumiem. Krustiņi pēc II pasaules kara postīti un daļēji pazuduši.","In military cemetery “Sille"" 94 German and 3 Russian soldiers were buried. Among Russian soldiers the soldier of 347th Regiment with surname Slotiņš was buried. The granite monument and concrete crosses were erected in 1940. Crosses had inscriptions with names of fallen soldiers, their units and dates of death. After Second World War crosses were destroyed and, partly, disappeared.",cemetery,"https://www.google.com/maps?q=56.781906,24.527575"
56.797525,24.435235,"Vācu armijas karavīru kapi ""Eser - Nord / Eserkrug"". Kapos apglabāti apmēram 100 vācu armijas karavīri. 1930.gados uzstādīts centrālais piemineklis (pēc II pasaules kara izpostīts atjaunots 1997. gadā) ar dzelzs krustu un individuālie betona krustiņi ar kritušo karavīru vārdiem, karaspēka daļu piederību un bojā ejas datējumiem. Kapu teritoriju norobežo zemes valnis ar mūrētiem ieejas vārtiem.","In military cemetery “Eser - Nord / Eserkrug"" 100 German soldiers were buried. The main monument with iron cross (monument was destroyed after Second World War; it was restored in 1997) and individual concrete crosses were erected in 1930s. Crosses have inscriptions with names of fallen soldiers, their units and dates of death. The graveyard’s territory is enclosed by rampart made from sand. Entrance gate has masonry poles.",cemetery,"https://www.google.com/maps?q=56.797525,24.435235"
56.653968,25.12172,Krievu armijas karavīru kapi. Kapos apglabāto karavīru skaits precīzi nav zināms. Nekādas piemiņas zīmes nav saglabājušās.,In this military cemetery Russian soldiers were buried. Precise amount of buried soldiers is unknown. All memorial signs are missing.,cemetery,"https://www.google.com/maps?q=56.653968,25.12172"
56.812001,24.626434,"Vācu un krievu armijas karavīru kapi ""Oger - Galle"". Kapos apglabāti 120 vācu un 260 nezināmi (izņemot divus) krievu armijas karavīri. 1935. gadā uzstādīts centrālais piemineklis un individuālie betona krustiņi, kas pēc II pasaules kara nopostīti un pazuduši. Tagad uzstādīti jauni akmens krustiņi ar kritušo karavīru vārdiem. ","In military cemetery “Oger - Galle"" 120 German and 260 unknown Russian soldiers (two of them were identified) were buried. The main monument and concrete crosses were installed in 1935. After Second World War crosses were destroyed and disappeared. Recently, new crosses were installed with names of fallen soldiers.

",cemetery,"https://www.google.com/maps?q=56.812001,24.626434"
56.822067,24.630428,"Latviešu strēlnieku un krievu armijas karavīru kapi. Kapos apglabāti vismaz 141 latviešu strēlnieks un 193 citu krievu armijas daļu karavīri. Kapi ierīkoti 1927. gadā tur pārapglabājot 22 latviešu strēlniekus un turpinot pārapglabāt karavīrus, kuri pirms tam bijuši apglabāti dažādās vietās. 1986. gadā uz vienas kapu kopas uzstādīts granīta piemineklis ar tekstu: ""PIRMAJĀ PASAULES KARĀ CĪŅĀ PRET VĀCU IEBRUCĒJIEM KRITUŠO LATVIEŠU STRĒLNIEKU UN KRIEVU KARAVĪRU BRĀĻU KAPI 1915 -1917"" (tas pats krievu valodā). 2008. gadā kapos uzstādīts  obeliska formas piemineklis ar tekstu priekšpusē: ""2.RĪGAS LATVIEŠU STRĒLNIEKU PULKA KRITUŠO KARAVĪRU PIEMIŅAI 1916.GADA OKTOBRIS-NOVEMBRIS"" un plāksne ar zināmo latviešu strēlnieku vārdiem.","In this military cemetery at least 141 Latvian riflemen and 193 Russian soldiers from different units were buried. In 1927, the cemetery was created when 22 Latvian riflemen were reburied here. Latter, soldiers were reburied here from different burial sites.  The granite monument was erected in 1986. It has inscription: ""BRETHREN CEMETERY FOR FALLEN LATVIAN RIFLEMEN AND RUSSIAN SOLDIERS WHO HAD FOUGHT AGAINST GERMAN INVADERS IN 1915-1917"" (the same text in Russian). Obelisk was erected in 2008. It has inscription: ""FOR REMEMBRANCE OF FALLEN 2nd RĪGA LATVIAN RIFLEMEN BATTALION'S SOLDIERS IN OCTOBER-NOVEMBER 1916"". The plaque has list with names of identified soldiers.",cemetery,"https://www.google.com/maps?q=56.822067,24.630428"
